Workbook

Sheet CP-ACS
A1: puzzle_size | B1: nAnts_alg0 | C1: threads_alg0 | D1: numcolonies_alg0 | E1: numacs_alg0 | F1: q0_alg0 | G1: rho_alg0 | H1: bve_alg0 | I1: timeout_alg0 | J1: success_rate_alg0 | K1: time_mean_alg0 | L1: time_std_alg0 | M1: iter_mean_alg0 | N1: with_comm_alg0 | O1: without_comm_alg0 | P1: cp_initial_mean_alg0 | Q1: cp_ant_mean_alg0 | R1: cp_total_mean_alg0 | S1: acs_time_mean_alg0 | T1: dcm_aco_time_mean_alg0 | U1: coop_game_mean_alg0 | V1: pheromone_fusion_mean_alg0 | W1: public_path_mean_alg0 | X1: communication_time_mean_alg0 | Y1: cp_percentage_alg0 | Z1: acs_time_percentage_alg0 | AA1: dcm_aco_time_percentage_alg0 | AB1: coop_game_percentage_alg0 | AC1: pheromone_fusion_percentage_alg0 | AD1: public_path_percentage_alg0 | AE1: communication_time_percentage_alg0
A2: inst25x25_40_10 | B2: 10 | C2: N/A | D2: N/A | E2: N/A | F2: 0.9 | G2: 0.9 | H2: 0.005 | I2: 120 | J2: 99 | K2: 3.382243 | L2: 6.210099 | M2: 81 | N2: N/A | O2: N/A | P2: 0.005818 | Q2: 2.271119 | R2: 2.276936 | S2: 1.105307 | T2: N/A | U2: N/A | V2: N/A | W2: N/A | X2: N/A | Y2: 67.32 | Z2: 32.68 | AA2: N/A | AB2: N/A | AC2: N/A | AD2: N/A | AE2: N/A
A3: inst25x25_40_30 | B3: 10 | C3: N/A | D3: N/A | E3: N/A | F3: 0.9 | G3: 0.9 | H3: 0.005 | I3: 120 | J3: 96 | K3: 6.014875 | L3: 8.544345 | M3: 140.95 | N3: N/A | O3: N/A | P3: 0.005659 | Q3: 3.939529 | R3: 3.945189 | S3: 2.069686 | T3: N/A | U3: N/A | V3: N/A | W3: N/A | X3: N/A | Y3: 65.59 | Z3: 34.41 | AA3: N/A | AB3: N/A | AC3: N/A | AD3: N/A | AE3: N/A
A4: inst25x25_40_50 | B4: 10 | C4: N/A | D4: N/A | E4: N/A | F4: 0.9 | G4: 0.9 | H4: 0.005 | I4: 120 | J4: 96 | K4: 7.67851 | L4: 9.206712 | M4: 180.09 | N4: N/A | O4: N/A | P4: 0.005799 | Q4: 4.996715 | R4: 5.002515 | S4: 2.675995 | T4: N/A | U4: N/A | V4: N/A | W4: N/A | X4: N/A | Y4: 65.15 | Z4: 34.85 | AA4: N/A | AB4: N/A | AC4: N/A | AD4: N/A | AE4: N/A
A5: inst25x25_40_57 | B5: 10 | C5: N/A | D5: N/A | E5: N/A | F5: 0.9 | G5: 0.9 | H5: 0.005 | I5: 120 | J5: 97 | K5: 4.357386 | L5: 4.683007 | M5: 104.8 | N5: N/A | O5: N/A | P5: 0.005694 | Q5: 3.202123 | R5: 3.207817 | S5: 1.149569 | T5: N/A | U5: N/A | V5: N/A | W5: N/A | X5: N/A | Y5: 73.62 | Z5: 26.38 | AA5: N/A | AB5: N/A | AC5: N/A | AD5: N/A | AE5: N/A
A6: inst25x25_40_62 | B6: 10 | C6: N/A | D6: N/A | E6: N/A | F6: 0.9 | G6: 0.9 | H6: 0.005 | I6: 120 | J6: 92 | K6: 9.802543 | L6: 19.625461 | M6: 228.77 | N6: N/A | O6: N/A | P6: 0.005711 | Q6: 4.599426 | R6: 4.605138 | S6: 5.197405 | T6: N/A | U6: N/A | V6: N/A | W6: N/A | X6: N/A | Y6: 46.98 | Z6: 53.02 | AA6: N/A | AB6: N/A | AC6: N/A | AD6: N/A | AE6: N/A
A7: inst25x25_40_79 | B7: 10 | C7: N/A | D7: N/A | E7: N/A | F7: 0.9 | G7: 0.9 | H7: 0.005 | I7: 120 | J7: 93 | K7: 8.062691 | L7: 13.05574 | M7: 187.19 | N7: N/A | O7: N/A | P7: 0.005913 | Q7: 4.598858 | R7: 4.60477 | S7: 3.45792 | T7: N/A | U7: N/A | V7: N/A | W7: N/A | X7: N/A | Y7: 57.11 | Z7: 42.89 | AA7: N/A | AB7: N/A | AC7: N/A | AD7: N/A | AE7: N/A
A8: inst25x25_40_80 | B8: 10 | C8: N/A | D8: N/A | E8: N/A | F8: 0.9 | G8: 0.9 | H8: 0.005 | I8: 120 | J8: 99 | K8: 3.214704 | L8: 5.634755 | M8: 77.89 | N8: N/A | O8: N/A | P8: 0.005761 | Q8: 2.192521 | R8: 2.198282 | S8: 1.016423 | T8: N/A | U8: N/A | V8: N/A | W8: N/A | X8: N/A | Y8: 68.38 | Z8: 31.62 | AA8: N/A | AB8: N/A | AC8: N/A | AD8: N/A | AE8: N/A
A9: inst25x25_40_89 | B9: 10 | C9: N/A | D9: N/A | E9: N/A | F9: 0.9 | G9: 0.9 | H9: 0.005 | I9: 120 | J9: 96 | K9: 3.684984 | L9: 5.452907 | M9: 92.35 | N9: N/A | O9: N/A | P9: 0.005843 | Q9: 2.594505 | R9: 2.600348 | S9: 1.084635 | T9: N/A | U9: N/A | V9: N/A | W9: N/A | X9: N/A | Y9: 70.57 | Z9: 29.43 | AA9: N/A | AB9: N/A | AC9: N/A | AD9: N/A | AE9: N/A
A10: inst25x25_40_9 | B10: 10 | C10: N/A | D10: N/A | E10: N/A | F10: 0.9 | G10: 0.9 | H10: 0.005 | I10: 120 | J10: 97 | K10: 6.917894 | L10: 16.209625 | M10: 173.94 | N10: N/A | O10: N/A | P10: 0.005558 | Q10: 3.431839 | R10: 3.437397 | S10: 3.480497 | T10: N/A | U10: N/A | V10: N/A | W10: N/A | X10: N/A | Y10: 49.69 | Z10: 50.31 | AA10: N/A | AB10: N/A | AC10: N/A | AD10: N/A | AE10: N/A
A11: inst25x25_40_99 | B11: 10 | C11: N/A | D11: N/A | E11: N/A | F11: 0.9 | G11: 0.9 | H11: 0.005 | I11: 120 | J11: 97 | K11: 5.425704 | L11: 16.567532 | M11: 128.64 | N11: N/A | O11: N/A | P11: 0.00615 | Q11: 2.585112 | R11: 2.591263 | S11: 2.834442 | T11: N/A | U11: N/A | V11: N/A | W11: N/A | X11: N/A | Y11: 47.76 | Z11: 52.24 | AA11: N/A | AB11: N/A | AC11: N/A | AD11: N/A | AE11: N/A
A12: inst25x25_45_1 | B12: 10 | C12: N/A | D12: N/A | E12: N/A | F12: 0.9 | G12: 0.9 | H12: 0.005 | I12: 120 | J12: 37 | K12: 19.547435 | L12: 21.964074 | M12: 624.08 | N12: N/A | O12: N/A | P12: 0.006375 | Q12: 8.732937 | R12: 8.739312 | S12: 10.808124 | T12: N/A | U12: N/A | V12: N/A | W12: N/A | X12: N/A | Y12: 44.71 | Z12: 55.29 | AA12: N/A | AB12: N/A | AC12: N/A | AD12: N/A | AE12: N/A
A13: inst25x25_45_11 | B13: 10 | C13: N/A | D13: N/A | E13: N/A | F13: 0.9 | G13: 0.9 | H13: 0.005 | I13: 120 | J13: 84 | K13: 10.310215 | L13: 19.044918 | M13: 338.83 | N13: N/A | O13: N/A | P13: 0.006502 | Q13: 4.560759 | R13: 4.567261 | S13: 5.742955 | T13: N/A | U13: N/A | V13: N/A | W13: N/A | X13: N/A | Y13: 44.3 | Z13: 55.7 | AA13: N/A | AB13: N/A | AC13: N/A | AD13: N/A | AE13: N/A
... A101: inst25x25_50_99 | B101: 10 | C101: N/A | D101: N/A | E101: N/A | F101: 0.9 | G101: 0.9 | H101: 0.005 | I101: 120 | J101: 61 | K101: 9.556908 | L101: 22.460147 | M101: 675 | N101: N/A | O101: N/A | P101: 0.005399 | Q101: 2.930983 | R101: 2.936382 | S101: 6.620526 | T101: N/A | U101: N/A | V101: N/A | W101: N/A | X101: N/A | Y101: 30.73 | Z101: 69.27 | AA101: N/A | AB101: N/A | AC101: N/A | AD101: N/A | AE101: N/A

Sheet CP-DCM-ACO
A1: puzzle_size | B1: nAnts_alg3 | C1: threads_alg3 | D1: numcolonies_alg3 | E1: numacs_alg3 | F1: q0_alg3 | G1: rho_alg3 | H1: bve_alg3 | I1: timeout_alg3 | J1: success_rate_alg3 | K1: time_mean_alg3 | L1: time_std_alg3 | M1: iter_mean_alg3 | N1: with_comm_alg3 | O1: without_comm_alg3 | P1: cp_initial_mean_alg3 | Q1: cp_ant_mean_alg3 | R1: cp_total_mean_alg3 | S1: acs_time_mean_alg3 | T1: dcm_aco_time_mean_alg3 | U1: coop_game_mean_alg3 | V1: pheromone_fusion_mean_alg3 | W1: public_path_mean_alg3 | X1: communication_time_mean_alg3 | Y1: cp_percentage_alg3 | Z1: acs_time_percentage_alg3 | AA1: dcm_aco_time_percentage_alg3 | AB1: coop_game_percentage_alg3 | AC1: pheromone_fusion_percentage_alg3 | AD1: public_path_percentage_alg3 | AE1: communication_time_percentage_alg3
A2: inst25x25_40_10 | B2: 3 | C2: N/A | D2: 3 | E2: 2 | F2: 0.9 | G2: 0.9 | H2: 0.005 | I2: 120 | J2: 100 | K2: 3.381413 | L2: 2.577154 | M2: 123.66 | N2: N/A | O2: N/A | P2: 0.004242 | Q2: 2.469551 | R2: 2.473793 | S2: N/A | T2: 0.907619 | U2: 0.02414 | V2: 0.000997 | W2: 0.00111 | X2: N/A | Y2: 73.16 | Z2: N/A | AA2: 26.84 | AB2: 0.71 | AC2: 0.03 | AD2: 0.03 | AE2: N/A
A3: inst25x25_40_30 | B3: 3 | C3: N/A | D3: 3 | E3: 2 | F3: 0.9 | G3: 0.9 | H3: 0.005 | I3: 120 | J3: 100 | K3: 6.31673 | L3: 4.519245 | M3: 226.71 | N3: N/A | O3: N/A | P3: 0.004267 | Q3: 4.238368 | R3: 4.242635 | S3: N/A | T3: 2.074095 | U3: 0.044821 | V3: 0.001002 | W3: 0.002209 | X3: N/A | Y3: 67.17 | Z3: N/A | AA3: 32.83 | AB3: 0.71 | AC3: 0.02 | AD3: 0.03 | AE3: N/A
A4: inst25x25_40_50 | B4: 3 | C4: N/A | D4: 3 | E4: 2 | F4: 0.9 | G4: 0.9 | H4: 0.005 | I4: 120 | J4: 100 | K4: 8.168423 | L4: 5.729993 | M4: 296.15 | N4: N/A | O4: N/A | P4: 0.00433 | Q4: 5.14623 | R4: 5.15056 | S4: N/A | T4: 3.017863 | U4: 0.058574 | V4: 0.000993 | W4: 0.002633 | X4: N/A | Y4: 63.05 | Z4: N/A | AA4: 36.95 | AB4: 0.72 | AC4: 0.01 | AD4: 0.03 | AE4: N/A
A5: inst25x25_40_57 | B5: 3 | C5: N/A | D5: 3 | E5: 2 | F5: 0.9 | G5: 0.9 | H5: 0.005 | I5: 120 | J5: 100 | K5: 8.198161 | L5: 6.973081 | M5: 221.94 | N5: N/A | O5: N/A | P5: 0.005661 | Q5: 5.576784 | R5: 5.582445 | S5: N/A | T5: 2.615716 | U5: 0.058742 | V5: 0.001209 | W5: 0.002697 | X5: N/A | Y5: 68.09 | Z5: N/A | AA5: 31.91 | AB5: 0.72 | AC5: 0.01 | AD5: 0.03 | AE5: N/A
A6: inst25x25_40_62 | B6: 3 | C6: N/A | D6: 3 | E6: 2 | F6: 0.9 | G6: 0.9 | H6: 0.005 | I6: 120 | J6: 100 | K6: 10.997398 | L6: 12.308338 | M6: 293.92 | N6: N/A | O6: N/A | P6: 0.006167 | Q6: 6.647159 | R6: 6.653326 | S6: N/A | T6: 4.344073 | U6: 0.083004 | V6: 0.00138 | W6: 0.003894 | X6: N/A | Y6: 60.5 | Z6: N/A | AA6: 39.5 | AB6: 0.75 | AC6: 0.01 | AD6: 0.04 | AE6: N/A
A7: inst25x25_40_79 | B7: 3 | C7: N/A | D7: 3 | E7: 2 | F7: 0.9 | G7: 0.9 | H7: 0.005 | I7: 120 | J7: 100 | K7: 6.554738 | L7: 7.656213 | M7: 228.37 | N7: N/A | O7: N/A | P7: 0.004282 | Q7: 4.193406 | R7: 4.197688 | S7: N/A | T7: 2.35705 | U7: 0.048032 | V7: 0.001061 | W7: 0.001994 | X7: N/A | Y7: 64.04 | Z7: N/A | AA7: 35.96 | AB7: 0.73 | AC7: 0.02 | AD7: 0.03 | AE7: N/A
A8: inst25x25_40_80 | B8: 3 | C8: N/A | D8: 3 | E8: 2 | F8: 0.9 | G8: 0.9 | H8: 0.005 | I8: 120 | J8: 100 | K8: 4.682812 | L8: 3.787803 | M8: 155.28 | N8: N/A | O8: N/A | P8: 0.004696 | Q8: 3.291525 | R8: 3.296221 | S8: N/A | T8: 1.386591 | U8: 0.033818 | V8: 0.001091 | W8: 0.001565 | X8: N/A | Y8: 70.39 | Z8: N/A | AA8: 29.61 | AB8: 0.72 | AC8: 0.02 | AD8: 0.03 | AE8: N/A
A9: inst25x25_40_89 | B9: 3 | C9: N/A | D9: 3 | E9: 2 | F9: 0.9 | G9: 0.9 | H9: 0.005 | I9: 120 | J9: 100 | K9: 4.804368 | L9: 3.233955 | M9: 150.15 | N9: N/A | O9: N/A | P9: 0.005496 | Q9: 3.456297 | R9: 3.461793 | S9: N/A | T9: 1.342574 | U9: 0.036051 | V9: 0.001233 | W9: 0.001947 | X9: N/A | Y9: 72.06 | Z9: N/A | AA9: 27.94 | AB9: 0.75 | AC9: 0.03 | AD9: 0.04 | AE9: N/A
A10: inst25x25_40_9 | B10: 3 | C10: N/A | D10: 3 | E10: 2 | F10: 0.9 | G10: 0.9 | H10: 0.005 | I10: 120 | J10: 100 | K10: 6.153598 | L10: 4.95967 | M10: 233.77 | N10: N/A | O10: N/A | P10: 0.004197 | Q10: 4.022733 | R10: 4.02693 | S10: N/A | T10: 2.126668 | U10: 0.045274 | V10: 0.000951 | W10: 0.002251 | X10: N/A | Y10: 65.44 | Z10: N/A | AA10: 34.56 | AB10: 0.74 | AC10: 0.02 | AD10: 0.04 | AE10: N/A
A11: inst25x25_40_99 | B11: 3 | C11: N/A | D11: 3 | E11: 2 | F11: 0.9 | G11: 0.9 | H11: 0.005 | I11: 120 | J11: 100 | K11: 4.958683 | L11: 4.511746 | M11: 161.11 | N11: N/A | O11: N/A | P11: 0.005098 | Q11: 3.444449 | R11: 3.449547 | S11: N/A | T11: 1.509135 | U11: 0.03647 | V11: 0.00119 | W11: 0.001944 | X11: N/A | Y11: 69.57 | Z11: N/A | AA11: 30.43 | AB11: 0.74 | AC11: 0.02 | AD11: 0.04 | AE11: N/A
A12: inst25x25_45_1 | B12: 3 | C12: N/A | D12: 3 | E12: 2 | F12: 0.9 | G12: 0.9 | H12: 0.005 | I12: 120 | J12: 59 | K12: 25.897316 | L12: 27.92211 | M12: 1197.58 | N12: N/A | O12: N/A | P12: 0.005255 | Q12: 9.373042 | R12: 9.378297 | S12: N/A | T12: 16.519019 | U12: 0.270231 | V12: 0.001265 | W12: 0.011977 | X12: N/A | Y12: 36.21 | Z12: N/A | AA12: 63.79 | AB12: 1.04 | AC12: 0 | AD12: 0.05 | AE12: N/A
A13: inst25x25_45_11 | B13: 3 | C13: N/A | D13: 3 | E13: 2 | F13: 0.9 | G13: 0.9 | H13: 0.005 | I13: 120 | J13: 99 | K13: 6.926455 | L13: 8.585425 | M13: 330.2 | N13: N/A | O13: N/A | P13: 0.005167 | Q13: 4.166631 | R13: 4.171798 | S13: N/A | T13: 2.754658 | U13: 0.074229 | V13: 0.001232 | W13: 0.003377 | X13: N/A | Y13: 60.23 | Z13: N/A | AA13: 39.77 | AB13: 1.07 | AC13: 0.02 | AD13: 0.05 | AE13: N/A
... A101: inst25x25_50_99 | B101: 3 | C101: N/A | D101: 3 | E101: 2 | F101: 0.9 | G101: 0.9 | H101: 0.005 | I101: 120 | J101: 100 | K101: 3.112964 | L101: 7.691159 | M101: 275.08 | N101: N/A | O101: N/A | P101: 0.00543 | Q101: 1.648832 | R101: 1.654263 | S101: N/A | T101: 1.458702 | U101: 0.053882 | V101: 0.000934 | W101: 0.001484 | X101: N/A | Y101: 53.14 | Z101: N/A | AA101: 46.86 | AB101: 1.73 | AC101: 0.03 | AD101: 0.05 | AE101: N/A

Sheet MT-CP-DCM-ACO
A1: puzzle_size | B1: nAnts_alg4 | C1: threads_alg4 | D1: numcolonies_alg4 | E1: numacs_alg4 | F1: q0_alg4 | G1: rho_alg4 | H1: bve_alg4 | I1: timeout_alg4 | J1: success_rate_alg4 | K1: time_mean_alg4 | L1: time_std_alg4 | M1: iter_mean_alg4 | N1: with_comm_alg4 | O1: without_comm_alg4 | P1: cp_initial_mean_alg4 | Q1: cp_ant_mean_alg4 | R1: cp_total_mean_alg4 | S1: acs_time_mean_alg4 | T1: dcm_aco_time_mean_alg4 | U1: coop_game_mean_alg4 | V1: pheromone_fusion_mean_alg4 | W1: public_path_mean_alg4 | X1: communication_time_mean_alg4 | Y1: cp_percentage_alg4 | Z1: acs_time_percentage_alg4 | AA1: dcm_aco_time_percentage_alg4 | AB1: coop_game_percentage_alg4 | AC1: pheromone_fusion_percentage_alg4 | AD1: public_path_percentage_alg4 | AE1: communication_time_percentage_alg4
A2: inst25x25_40_10 | B2: 3 | C2: 3 | D2: 3 | E2: 2 | F2: 0.9 | G2: 0.9 | H2: 0.005 | I2: 120 | J2: 100 | K2: 1.986067 | L2: 1.193814 | M2: 61.94 | N2: 14 | O2: 86 | P2: 0.004415 | Q2: 1.518553 | R2: 1.522968 | S2: N/A | T2: 0.461033 | U2: 0.013769 | V2: 0.001064 | W2: 0.000576 | X2: 0.002066 | Y2: 76.68 | Z2: N/A | AA2: 23.21 | AB2: 0.69 | AC2: 0.05 | AD2: 0.03 | AE2: 0.1
A3: inst25x25_40_30 | B3: 3 | C3: 3 | D3: 3 | E3: 2 | F3: 0.9 | G3: 0.9 | H3: 0.005 | I3: 120 | J3: 100 | K3: 3.089376 | L3: 1.846924 | M3: 100.69 | N3: 43 | O3: 57 | P3: 0.004094 | Q3: 2.298882 | R3: 2.302976 | S3: N/A | T3: 0.780146 | U3: 0.021447 | V3: 0.000902 | W3: 0.000942 | X3: 0.006253 | Y3: 74.55 | Z3: N/A | AA3: 25.25 | AB3: 0.69 | AC3: 0.03 | AD3: 0.03 | AE3: 0.2
A4: inst25x25_40_50 | B4: 3 | C4: 3 | D4: 3 | E4: 2 | F4: 0.9 | G4: 0.9 | H4: 0.005 | I4: 120 | J4: 100 | K4: 3.859041 | L4: 1.96488 | M4: 127.38 | N4: 64 | O4: 36 | P4: 0.004148 | Q4: 2.824291 | R4: 2.828438 | S4: N/A | T4: 1.023734 | U4: 0.02719 | V4: 0.000972 | W4: 0.00121 | X4: 0.006869 | Y4: 73.29 | Z4: N/A | AA4: 26.53 | AB4: 0.7 | AC4: 0.03 | AD4: 0.03 | AE4: 0.18
A5: inst25x25_40_57 | B5: 3 | C5: 3 | D5: 3 | E5: 2 | F5: 0.9 | G5: 0.9 | H5: 0.005 | I5: 120 | J5: 100 | K5: 3.094936 | L5: 1.995576 | M5: 100.52 | N5: 35 | O5: 65 | P5: 0.004084 | Q5: 2.308133 | R5: 2.312217 | S5: N/A | T5: 0.775579 | U5: 0.021296 | V5: 0.000984 | W5: 0.000948 | X5: 0.00714 | Y5: 74.71 | Z5: N/A | AA5: 25.06 | AB5: 0.69 | AC5: 0.03 | AD5: 0.03 | AE5: 0.23
A6: inst25x25_40_62 | B6: 3 | C6: 3 | D6: 3 | E6: 2 | F6: 0.9 | G6: 0.9 | H6: 0.005 | I6: 120 | J6: 100 | K6: 4.353465 | L6: 2.772335 | M6: 147.68 | N6: 63 | O6: 37 | P6: 0.004119 | Q6: 3.121606 | R6: 3.125725 | S6: N/A | T6: 1.215425 | U6: 0.031499 | V6: 0.000979 | W6: 0.001401 | X6: 0.012316 | Y6: 71.8 | Z6: N/A | AA6: 27.92 | AB6: 0.72 | AC6: 0.02 | AD6: 0.03 | AE6: 0.28
A7: inst25x25_40_79 | B7: 3 | C7: 3 | D7: 3 | E7: 2 | F7: 0.9 | G7: 0.9 | H7: 0.005 | I7: 120 | J7: 100 | K7: 3.109953 | L7: 1.985949 | M7: 103.11 | N7: 47 | O7: 53 | P7: 0.004106 | Q7: 2.303999 | R7: 2.308105 | S7: N/A | T7: 0.795525 | U7: 0.021799 | V7: 0.000946 | W7: 0.000977 | X7: 0.006323 | Y7: 74.22 | Z7: N/A | AA7: 25.58 | AB7: 0.7 | AC7: 0.03 | AD7: 0.03 | AE7: 0.2
A8: inst25x25_40_80 | B8: 3 | C8: 3 | D8: 3 | E8: 2 | F8: 0.9 | G8: 0.9 | H8: 0.005 | I8: 120 | J8: 100 | K8: 2.061977 | L8: 1.120139 | M8: 68.6 | N8: 22 | O8: 78 | P8: 0.004104 | Q8: 1.578625 | R8: 1.582728 | S8: N/A | T8: 0.477126 | U8: 0.014339 | V8: 0.000935 | W8: 0.000598 | X8: 0.002124 | Y8: 76.76 | Z8: N/A | AA8: 23.14 | AB8: 0.7 | AC8: 0.05 | AD8: 0.03 | AE8: 0.1
A9: inst25x25_40_89 | B9: 3 | C9: 3 | D9: 3 | E9: 2 | F9: 0.9 | G9: 0.9 | H9: 0.005 | I9: 120 | J9: 100 | K9: 2.146666 | L9: 1.204786 | M9: 74.13 | N9: 28 | O9: 72 | P9: 0.004216 | Q9: 1.637945 | R9: 1.642161 | S9: N/A | T9: 0.502184 | U9: 0.015536 | V9: 0.000933 | W9: 0.00068 | X9: 0.002321 | Y9: 76.5 | Z9: N/A | AA9: 23.39 | AB9: 0.72 | AC9: 0.04 | AD9: 0.03 | AE9: 0.11
A10: inst25x25_40_9 | B10: 3 | C10: 3 | D10: 3 | E10: 2 | F10: 0.9 | G10: 0.9 | H10: 0.005 | I10: 120 | J10: 100 | K10: 3.478186 | L10: 2.37335 | M10: 114.89 | N10: 45 | O10: 55 | P10: 0.004267 | Q10: 2.546098 | R10: 2.550366 | S10: N/A | T10: 0.920004 | U10: 0.025078 | V10: 0.001009 | W10: 0.001081 | X10: 0.007817 | Y10: 73.32 | Z10: N/A | AA10: 26.45 | AB10: 0.72 | AC10: 0.03 | AD10: 0.03 | AE10: 0.22
A11: inst25x25_40_99 | B11: 3 | C11: 3 | D11: 3 | E11: 2 | F11: 0.9 | G11: 0.9 | H11: 0.005 | I11: 120 | J11: 100 | K11: 2.513599 | L11: 1.657896 | M11: 85.77 | N11: 33 | O11: 67 | P11: 0.004198 | Q11: 1.896375 | R11: 1.900573 | S11: N/A | T11: 0.60858 | U11: 0.018037 | V11: 0.000962 | W11: 0.000769 | X11: 0.004445 | Y11: 75.61 | Z11: N/A | AA11: 24.21 | AB11: 0.72 | AC11: 0.04 | AD11: 0.03 | AE11: 0.18
A12: inst25x25_45_1 | B12: 3 | C12: 3 | D12: 3 | E12: 2 | F12: 0.9 | G12: 0.9 | H12: 0.005 | I12: 120 | J12: 99 | K12: 14.519877 | L12: 16.104477 | M12: 675 | N12: 94 | O12: 5 | P12: 0.004668 | Q12: 6.895183 | R12: 6.89985 | S12: N/A | T12: 7.485443 | U12: 0.146044 | V12: 0.001147 | W12: 0.005631 | X12: 0.134584 | Y12: 47.52 | Z12: N/A | AA12: 51.55 | AB12: 1.01 | AC12: 0.01 | AD12: 0.04 | AE12: 0.93
A13: inst25x25_45_11 | B13: 3 | C13: 3 | D13: 3 | E13: 2 | F13: 0.9 | G13: 0.9 | H13: 0.005 | I13: 120 | J13: 100 | K13: 2.800627 | L13: 2.762057 | M13: 136.41 | N13: 50 | O13: 50 | P13: 0.00465 | Q13: 1.990625 | R13: 1.995275 | S13: N/A | T13: 0.785602 | U13: 0.028916 | V13: 0.001063 | W13: 0.001148 | X13: 0.019751 | Y13: 71.24 | Z13: N/A | AA13: 28.05 | AB13: 1.03 | AC13: 0.04 | AD13: 0.04 | AE13: 0.71
... A101: inst25x25_50_99 | B101: 3 | C101: 3 | D101: 3 | E101: 2 | F101: 0.9 | G101: 0.9 | H101: 0.005 | I101: 120 | J101: 100 | K101: 0.287565 | L101: 0.818908 | M101: 23.62 | N101: 3 | O101: 97 | P101: 0.005457 | Q101: 0.192582 | R101: 0.19804 | S101: N/A | T101: 0.089166 | U101: 0.00467 | V101: 0.000698 | W101: 0.000126 | X101: 0.000359 | Y101: 68.87 | Z101: N/A | AA101: 31.01 | AB101: 1.62 | AC101: 0.24 | AD101: 0.04 | AE101: 0.12

Sheet 50 Comm Int
A1: puzzle_size | B1: nAnts_alg4 | C1: threads_alg4 | D1: numcolonies_alg4 | E1: numacs_alg4 | F1: q0_alg4 | G1: rho_alg4 | H1: bve_alg4 | I1: timeout_alg4 | J1: success_rate_alg4 | K1: time_mean_alg4 | L1: time_std_alg4 | M1: iter_mean_alg4 | N1: with_comm_alg4 | O1: without_comm_alg4 | P1: cp_initial_mean_alg4 | Q1: cp_ant_mean_alg4 | R1: cp_total_mean_alg4 | S1: acs_time_mean_alg4 | T1: dcm_aco_time_mean_alg4 | U1: coop_game_mean_alg4 | V1: pheromone_fusion_mean_alg4 | W1: public_path_mean_alg4 | X1: communication_time_mean_alg4 | Y1: cp_percentage_alg4 | Z1: acs_time_percentage_alg4 | AA1: dcm_aco_time_percentage_alg4 | AB1: coop_game_percentage_alg4 | AC1: pheromone_fusion_percentage_alg4 | AD1: public_path_percentage_alg4 | AE1: communication_time_percentage_alg4
A2: inst25x25_40_10 | B2: 3 | C2: 3 | D2: 3 | E2: 2 | F2: 0.9 | G2: 0.9 | H2: 0.005 | I2: 120 | J2: 100 | K2: 1.604296 | L2: 1.149751 | M2: 54.93 | N2: 45 | O2: 55 | P2: 0.003924 | Q2: 1.22533 | R2: 1.229254 | S2: N/A | T2: 0.370743 | U2: 0.010994 | V2: 0.000902 | W2: 0.000458 | X2: 0.004299 | Y2: 76.62 | Z2: N/A | AA2: 23.11 | AB2: 0.69 | AC2: 0.06 | AD2: 0.03 | AE2: 0.27
A3: inst25x25_40_30 | B3: 3 | C3: 3 | D3: 3 | E3: 2 | F3: 0.9 | G3: 0.9 | H3: 0.005 | I3: 120 | J3: 100 | K3: 3.566169 | L3: 2.43398 | M3: 119.46 | N3: 85 | O3: 15 | P3: 0.003905 | Q3: 2.594935 | R3: 2.598841 | S3: N/A | T3: 0.955121 | U3: 0.024679 | V3: 0.000976 | W3: 0.001051 | X3: 0.012207 | Y3: 72.87 | Z3: N/A | AA3: 26.78 | AB3: 0.69 | AC3: 0.03 | AD3: 0.03 | AE3: 0.34
A4: inst25x25_40_50 | B4: 3 | C4: 3 | D4: 3 | E4: 2 | F4: 0.9 | G4: 0.9 | H4: 0.005 | I4: 120 | J4: 100 | K4: 4.732905 | L4: 3.060938 | M4: 158.69 | N4: 90 | O4: 10 | P4: 0.004036 | Q4: 3.337815 | R4: 3.341851 | S4: N/A | T4: 1.370487 | U4: 0.033338 | V4: 0.000927 | W4: 0.001438 | X4: 0.020566 | Y4: 70.61 | Z4: N/A | AA4: 28.96 | AB4: 0.7 | AC4: 0.02 | AD4: 0.03 | AE4: 0.43
A5: inst25x25_40_57 | B5: 3 | C5: 3 | D5: 3 | E5: 2 | F5: 0.9 | G5: 0.9 | H5: 0.005 | I5: 120 | J5: 100 | K5: 3.269703 | L5: 1.734616 | M5: 107.55 | N5: 81 | O5: 19 | P5: 0.003978 | Q5: 2.415063 | R5: 2.419041 | S5: N/A | T5: 0.841417 | U5: 0.022466 | V5: 0.000962 | W5: 0.000895 | X5: 0.009244 | Y5: 73.98 | Z5: N/A | AA5: 25.73 | AB5: 0.69 | AC5: 0.03 | AD5: 0.03 | AE5: 0.28
A6: inst25x25_40_62 | B6: 3 | C6: 3 | D6: 3 | E6: 2 | F6: 0.9 | G6: 0.9 | H6: 0.005 | I6: 120 | J6: 100 | K6: 4.365407 | L6: 2.623279 | M6: 150.05 | N6: 89 | O6: 11 | P6: 0.003998 | Q6: 3.133407 | R6: 3.137405 | S6: N/A | T6: 1.212599 | U6: 0.031515 | V6: 0.000975 | W6: 0.001359 | X6: 0.015403 | Y6: 71.87 | Z6: N/A | AA6: 27.78 | AB6: 0.72 | AC6: 0.02 | AD6: 0.03 | AE6: 0.35
A7: inst25x25_40_79 | B7: 3 | C7: 3 | D7: 3 | E7: 2 | F7: 0.9 | G7: 0.9 | H7: 0.005 | I7: 120 | J7: 100 | K7: 3.118308 | L7: 1.733122 | M7: 104.77 | N7: 81 | O7: 19 | P7: 0.003992 | Q7: 2.323141 | R7: 2.327134 | S7: N/A | T7: 0.782068 | U7: 0.021844 | V7: 0.000961 | W7: 0.000909 | X7: 0.009107 | Y7: 74.63 | Z7: N/A | AA7: 25.08 | AB7: 0.7 | AC7: 0.03 | AD7: 0.03 | AE7: 0.29
A8: inst25x25_40_80 | B8: 3 | C8: 3 | D8: 3 | E8: 2 | F8: 0.9 | G8: 0.9 | H8: 0.005 | I8: 120 | J8: 100 | K8: 2.186204 | L8: 1.29785 | M8: 73.65 | N8: 71 | O8: 29 | P8: 0.00395 | Q8: 1.664773 | R8: 1.668723 | S8: N/A | T8: 0.513883 | U8: 0.015174 | V8: 0.000942 | W8: 0.000642 | X8: 0.003597 | Y8: 76.33 | Z8: N/A | AA8: 23.51 | AB8: 0.69 | AC8: 0.04 | AD8: 0.03 | AE8: 0.16
A9: inst25x25_40_89 | B9: 3 | C9: 3 | D9: 3 | E9: 2 | F9: 0.9 | G9: 0.9 | H9: 0.005 | I9: 120 | J9: 100 | K9: 2.184583 | L9: 1.453859 | M9: 76.31 | N9: 70 | O9: 30 | P9: 0.004105 | Q9: 1.653063 | R9: 1.657168 | S9: N/A | T9: 0.522617 | U9: 0.015754 | V9: 0.000968 | W9: 0.000655 | X9: 0.004798 | Y9: 75.86 | Z9: N/A | AA9: 23.92 | AB9: 0.72 | AC9: 0.04 | AD9: 0.03 | AE9: 0.22
A10: inst25x25_40_9 | B10: 3 | C10: 3 | D10: 3 | E10: 2 | F10: 0.9 | G10: 0.9 | H10: 0.005 | I10: 120 | J10: 100 | K10: 3.248807 | L10: 2.087721 | M10: 116.52 | N10: 81 | O10: 19 | P10: 0.003899 | Q10: 2.386851 | R10: 2.39075 | S10: N/A | T10: 0.849229 | U10: 0.023329 | V10: 0.000917 | W10: 0.001016 | X10: 0.008828 | Y10: 73.59 | Z10: N/A | AA10: 26.14 | AB10: 0.72 | AC10: 0.03 | AD10: 0.03 | AE10: 0.27
A11: inst25x25_40_99 | B11: 3 | C11: 3 | D11: 3 | E11: 2 | F11: 0.9 | G11: 0.9 | H11: 0.005 | I11: 120 | J11: 100 | K11: 2.366139 | L11: 1.500905 | M11: 81.57 | N11: 66 | O11: 34 | P11: 0.004074 | Q11: 1.784452 | R11: 1.788526 | S11: N/A | T11: 0.570605 | U11: 0.016946 | V11: 0.000872 | W11: 0.000758 | X11: 0.007009 | Y11: 75.59 | Z11: N/A | AA11: 24.12 | AB11: 0.72 | AC11: 0.04 | AD11: 0.03 | AE11: 0.3
A12: inst25x25_45_1 | B12: 3 | C12: 3 | D12: 3 | E12: 2 | F12: 0.9 | G12: 0.9 | H12: 0.005 | I12: 120 | J12: 97 | K12: 12.675626 | L12: 13.845805 | M12: 588.66 | N12: 91 | O12: 6 | P12: 0.004628 | Q12: 6.295458 | R12: 6.300086 | S12: N/A | T12: 6.229543 | U12: 0.127311 | V12: 0.001197 | W12: 0.00462 | X12: 0.145997 | Y12: 49.7 | Z12: N/A | AA12: 49.15 | AB12: 1 | AC12: 0.01 | AD12: 0.04 | AE12: 1.15
A13: inst25x25_45_11 | B13: 3 | C13: 3 | D13: 3 | E13: 2 | F13: 0.9 | G13: 0.9 | H13: 0.005 | I13: 120 | J13: 100 | K13: 2.520939 | L13: 2.296795 | M13: 123.71 | N13: 75 | O13: 25 | P13: 0.004497 | Q13: 1.809364 | R13: 1.813861 | S13: N/A | T13: 0.682249 | U13: 0.025913 | V13: 0.001008 | W13: 0.000957 | X13: 0.02483 | Y13: 71.95 | Z13: N/A | AA13: 27.06 | AB13: 1.03 | AC13: 0.04 | AD13: 0.04 | AE13: 0.98
... A101: inst25x25_50_99 | B101: 3 | C101: 3 | D101: 3 | E101: 2 | F101: 0.9 | G101: 0.9 | H101: 0.005 | I101: 120 | J101: 100 | K101: 0.37493 | L101: 1.574802 | M101: 30.62 | N101: 6 | O101: 94 | P101: 0.005449 | Q101: 0.231054 | R101: 0.236503 | S101: N/A | T101: 0.135766 | U101: 0.006104 | V101: 0.000731 | W101: 0.000168 | X101: 0.002661 | Y101: 63.08 | Z101: N/A | AA101: 36.21 | AB101: 1.63 | AC101: 0.19 | AD101: 0.04 | AE101: 0.71

Sheet Comparison
B3: Alg 0 = CP-ACS, Alg 3 = CP-DCM-ACO, Alg 4 = MT-CP-DCM-ACO
B7: Instances | C7: Solution Rate | F7: Average Time | I7: Standard Deviation | L7: Average Iteration
C8: 0 | D8: 3 | E8: 4 | F8: 0 | G8: 3 | H8: 4 | I8: 0 | J8: 3 | K8: 4 | L8: 0 | M8: 3 | N8: 4
B9: inst25x25_40_10 | C9: =MAX('CP-ACS'!J2) -> 99 | D9: =MAX('CP-DCM-ACO'!J2) -> 100 | E9: =MAX('MT-CP-DCM-ACO'!J2) -> 100 | F9: =MIN('CP-ACS'!K2) -> 3.382243 | G9: =MIN('CP-DCM-ACO'!K2) -> 3.381413 | H9: =MIN('MT-CP-DCM-ACO'!K2) -> 1.986067 | I9: =MIN('CP-ACS'!L2) -> 6.210099 | J9: =MIN('CP-DCM-ACO'!L2) -> 2.577154 | K9: =MIN('MT-CP-DCM-ACO'!L2) -> 1.193814 | L9: =MIN('CP-ACS'!M2) -> 81 | M9: =MIN('CP-DCM-ACO'!M2) -> 123.66 | N9: =MIN('MT-CP-DCM-ACO'!M2) -> 61.94
B10: inst25x25_40_30 | C10: =MAX('CP-ACS'!J3) -> 96 | D10: =MAX('CP-DCM-ACO'!J3) -> 100 | E10: =MAX('MT-CP-DCM-ACO'!J3) -> 100 | F10: =MIN('CP-ACS'!K3) -> 6.014875 | G10: =MIN('CP-DCM-ACO'!K3) -> 6.31673 | H10: =MIN('MT-CP-DCM-ACO'!K3) -> 3.089376 | I10: =MIN('CP-ACS'!L3) -> 8.544345 | J10: =MIN('CP-DCM-ACO'!L3) -> 4.519245 | K10: =MIN('MT-CP-DCM-ACO'!L3) -> 1.846924 | L10: =MIN('CP-ACS'!M3) -> 140.95 | M10: =MIN('CP-DCM-ACO'!M3) -> 226.71 | N10: =MIN('MT-CP-DCM-ACO'!M3) -> 100.69
B11: inst25x25_40_50 | C11: =MAX('CP-ACS'!J4) -> 96 | D11: =MAX('CP-DCM-ACO'!J4) -> 100 | E11: =MAX('MT-CP-DCM-ACO'!J4) -> 100 | F11: =MIN('CP-ACS'!K4) -> 7.67851 | G11: =MIN('CP-DCM-ACO'!K4) -> 8.168423 | H11: =MIN('MT-CP-DCM-ACO'!K4) -> 3.859041 | I11: =MIN('CP-ACS'!L4) -> 9.206712 | J11: =MIN('CP-DCM-ACO'!L4) -> 5.729993 | K11: =MIN('MT-CP-DCM-ACO'!L4) -> 1.96488 | L11: =MIN('CP-ACS'!M4) -> 180.09 | M11: =MIN('CP-DCM-ACO'!M4) -> 296.15 | N11: =MIN('MT-CP-DCM-ACO'!M4) -> 127.38
B12: inst25x25_40_57 | C12: =MAX('CP-ACS'!J5) -> 97 | D12: =MAX('CP-DCM-ACO'!J5) -> 100 | E12: =MAX('MT-CP-DCM-ACO'!J5) -> 100 | F12: =MIN('CP-ACS'!K5) -> 4.357386 | G12: =MIN('CP-DCM-ACO'!K5) -> 8.198161 | H12: =MIN('MT-CP-DCM-ACO'!K5) -> 3.094936 | I12: =MIN('CP-ACS'!L5) -> 4.683007 | J12: =MIN('CP-DCM-ACO'!L5) -> 6.973081 | K12: =MIN('MT-CP-DCM-ACO'!L5) -> 1.995576 | L12: =MIN('CP-ACS'!M5) -> 104.8 | M12: =MIN('CP-DCM-ACO'!M5) -> 221.94 | N12: =MIN('MT-CP-DCM-ACO'!M5) -> 100.52
B13: inst25x25_40_62 | C13: =MAX('CP-ACS'!J6) -> 92 | D13: =MAX('CP-DCM-ACO'!J6) -> 100 | E13: =MAX('MT-CP-DCM-ACO'!J6) -> 100 | F13: =MIN('CP-ACS'!K6) -> 9.802543 | G13: =MIN('CP-DCM-ACO'!K6) -> 10.997398 | H13: =MIN('MT-CP-DCM-ACO'!K6) -> 4.353465 | I13: =MIN('CP-ACS'!L6) -> 19.625461 | J13: =MIN('CP-DCM-ACO'!L6) -> 12.308338 | K13: =MIN('MT-CP-DCM-ACO'!L6) -> 2.772335 | L13: =MIN('CP-ACS'!M6) -> 228.77 | M13: =MIN('CP-DCM-ACO'!M6) -> 293.92 | N13: =MIN('MT-CP-DCM-ACO'!M6) -> 147.68
B14: inst25x25_40_79 | C14: =MAX('CP-ACS'!J7) -> 93 | D14: =MAX('CP-DCM-ACO'!J7) -> 100 | E14: =MAX('MT-CP-DCM-ACO'!J7) -> 100 | F14: =MIN('CP-ACS'!K7) -> 8.062691 | G14: =MIN('CP-DCM-ACO'!K7) -> 6.554738 | H14: =MIN('MT-CP-DCM-ACO'!K7) -> 3.109953 | I14: =MIN('CP-ACS'!L7) -> 13.05574 | J14: =MIN('CP-DCM-ACO'!L7) -> 7.656213 | K14: =MIN('MT-CP-DCM-ACO'!L7) -> 1.985949 | L14: =MIN('CP-ACS'!M7) -> 187.19 | M14: =MIN('CP-DCM-ACO'!M7) -> 228.37 | N14: =MIN('MT-CP-DCM-ACO'!M7) -> 103.11
B15: inst25x25_40_80 | C15: =MAX('CP-ACS'!J8) -> 99 | D15: =MAX('CP-DCM-ACO'!J8) -> 100 | E15: =MAX('MT-CP-DCM-ACO'!J8) -> 100 | F15: =MIN('CP-ACS'!K8) -> 3.214704 | G15: =MIN('CP-DCM-ACO'!K8) -> 4.682812 | H15: =MIN('MT-CP-DCM-ACO'!K8) -> 2.061977 | I15: =MIN('CP-ACS'!L8) -> 5.634755 | J15: =MIN('CP-DCM-ACO'!L8) -> 3.787803 | K15: =MIN('MT-CP-DCM-ACO'!L8) -> 1.120139 | L15: =MIN('CP-ACS'!M8) -> 77.89 | M15: =MIN('CP-DCM-ACO'!M8) -> 155.28 | N15: =MIN('MT-CP-DCM-ACO'!M8) -> 68.6
B16: inst25x25_40_89 | C16: =MAX('CP-ACS'!J9) -> 96 | D16: =MAX('CP-DCM-ACO'!J9) -> 100 | E16: =MAX('MT-CP-DCM-ACO'!J9) -> 100 | F16: =MIN('CP-ACS'!K9) -> 3.684984 | G16: =MIN('CP-DCM-ACO'!K9) -> 4.804368 | H16: =MIN('MT-CP-DCM-ACO'!K9) -> 2.146666 | I16: =MIN('CP-ACS'!L9) -> 5.452907 | J16: =MIN('CP-DCM-ACO'!L9) -> 3.233955 | K16: =MIN('MT-CP-DCM-ACO'!L9) -> 1.204786 | L16: =MIN('CP-ACS'!M9) -> 92.35 | M16: =MIN('CP-DCM-ACO'!M9) -> 150.15 | N16: =MIN('MT-CP-DCM-ACO'!M9) -> 74.13
B17: inst25x25_40_9 | C17: =MAX('CP-ACS'!J10) -> 97 | D17: =MAX('CP-DCM-ACO'!J10) -> 100 | E17: =MAX('MT-CP-DCM-ACO'!J10) -> 100 | F17: =MIN('CP-ACS'!K10) -> 6.917894 | G17: =MIN('CP-DCM-ACO'!K10) -> 6.153598 | H17: =MIN('MT-CP-DCM-ACO'!K10) -> 3.478186 | I17: =MIN('CP-ACS'!L10) -> 16.209625 | J17: =MIN('CP-DCM-ACO'!L10) -> 4.95967 | K17: =MIN('MT-CP-DCM-ACO'!L10) -> 2.37335 | L17: =MIN('CP-ACS'!M10) -> 173.94 | M17: =MIN('CP-DCM-ACO'!M10) -> 233.77 | N17: =MIN('MT-CP-DCM-ACO'!M10) -> 114.89
B18: inst25x25_40_99 | C18: =MAX('CP-ACS'!J11) -> 97 | D18: =MAX('CP-DCM-ACO'!J11) -> 100 | E18: =MAX('MT-CP-DCM-ACO'!J11) -> 100 | F18: =MIN('CP-ACS'!K11) -> 5.425704 | G18: =MIN('CP-DCM-ACO'!K11) -> 4.958683 | H18: =MIN('MT-CP-DCM-ACO'!K11) -> 2.513599 | I18: =MIN('CP-ACS'!L11) -> 16.567532 | J18: =MIN('CP-DCM-ACO'!L11) -> 4.511746 | K18: =MIN('MT-CP-DCM-ACO'!L11) -> 1.657896 | L18: =MIN('CP-ACS'!M11) -> 128.64 | M18: =MIN('CP-DCM-ACO'!M11) -> 161.11 | N18: =MIN('MT-CP-DCM-ACO'!M11) -> 85.77
B19: inst25x25_45_1 | C19: =MAX('CP-ACS'!J12) -> 37 | D19: =MAX('CP-DCM-ACO'!J12) -> 59 | E19: =MAX('MT-CP-DCM-ACO'!J12) -> 99 | F19: =MIN('CP-ACS'!K12) -> 19.547435 | G19: =MIN('CP-DCM-ACO'!K12) -> 25.897316 | H19: =MIN('MT-CP-DCM-ACO'!K12) -> 14.519877 | I19: =MIN('CP-ACS'!L12) -> 21.964074 | J19: =MIN('CP-DCM-ACO'!L12) -> 27.92211 | K19: =MIN('MT-CP-DCM-ACO'!L12) -> 16.104477 | L19: =MIN('CP-ACS'!M12) -> 624.08 | M19: =MIN('CP-DCM-ACO'!M12) -> 1197.58 | N19: =MIN('MT-CP-DCM-ACO'!M12) -> 675
B20: inst25x25_45_11 | C20: =MAX('CP-ACS'!J13) -> 84 | D20: =MAX('CP-DCM-ACO'!J13) -> 99 | E20: =MAX('MT-CP-DCM-ACO'!J13) -> 100 | F20: =MIN('CP-ACS'!K13) -> 10.310215 | G20: =MIN('CP-DCM-ACO'!K13) -> 6.926455 | H20: =MIN('MT-CP-DCM-ACO'!K13) -> 2.800627 | I20: =MIN('CP-ACS'!L13) -> 19.044918 | J20: =MIN('CP-DCM-ACO'!L13) -> 8.585425 | K20: =MIN('MT-CP-DCM-ACO'!L13) -> 2.762057 | L20: =MIN('CP-ACS'!M13) -> 338.83 | M20: =MIN('CP-DCM-ACO'!M13) -> 330.2 | N20: =MIN('MT-CP-DCM-ACO'!M13) -> 136.41
... B108: inst25x25_50_99 | C108: =MAX('CP-ACS'!J101) -> 61 | D108: =MAX('CP-DCM-ACO'!J101) -> 100 | E108: =MAX('MT-CP-DCM-ACO'!J101) -> 100 | F108: =MIN('CP-ACS'!K101) -> 9.556908 | G108: =MIN('CP-DCM-ACO'!K101) -> 3.112964 | H108: =MIN('MT-CP-DCM-ACO'!K101) -> 0.287565 | I108: =MIN('CP-ACS'!L101) -> 22.460147 | J108: =MIN('CP-DCM-ACO'!L101) -> 7.691159 | K108: =MIN('MT-CP-DCM-ACO'!L101) -> 0.818908 | L108: =MIN('CP-ACS'!M101) -> 675 | M108: =MIN('CP-DCM-ACO'!M101) -> 275.08 | N108: =MIN('MT-CP-DCM-ACO'!M101) -> 23.62

Sheet Comparison_2
B4: Instances | C4: Solution Rate | E4: Average Time | G4: Standard Deviation | I4: Average Iteration
C5: A | D5: B | E5: A | F5: B | G5: A | H5: B | I5: A | J5: B
B6: inst25x25_40_10 | C6: =MAX('MT-CP-DCM-ACO'!J2) -> 100 | D6: =MAX('50 Comm Int'!J2) -> 100 | E6: =MIN('MT-CP-DCM-ACO'!K2) -> 1.986067 | F6: =MIN('50 Comm Int'!K2) -> 1.604296 | G6: =MIN('MT-CP-DCM-ACO'!L2) -> 1.193814 | H6: =MIN('50 Comm Int'!L2) -> 1.149751 | I6: =MIN('MT-CP-DCM-ACO'!M2) -> 61.94 | J6: =MIN('50 Comm Int'!M2) -> 54.93
B7: inst25x25_40_30 | C7: =MAX('MT-CP-DCM-ACO'!J3) -> 100 | D7: =MAX('50 Comm Int'!J3) -> 100 | E7: =MIN('MT-CP-DCM-ACO'!K3) -> 3.089376 | F7: =MIN('50 Comm Int'!K3) -> 3.566169 | G7: =MIN('MT-CP-DCM-ACO'!L3) -> 1.846924 | H7: =MIN('50 Comm Int'!L3) -> 2.43398 | I7: =MIN('MT-CP-DCM-ACO'!M3) -> 100.69 | J7: =MIN('50 Comm Int'!M3) -> 119.46
B8: inst25x25_40_50 | C8: =MAX('MT-CP-DCM-ACO'!J4) -> 100 | D8: =MAX('50 Comm Int'!J4) -> 100 | E8: =MIN('MT-CP-DCM-ACO'!K4) -> 3.859041 | F8: =MIN('50 Comm Int'!K4) -> 4.732905 | G8: =MIN('MT-CP-DCM-ACO'!L4) -> 1.96488 | H8: =MIN('50 Comm Int'!L4) -> 3.060938 | I8: =MIN('MT-CP-DCM-ACO'!M4) -> 127.38 | J8: =MIN('50 Comm Int'!M4) -> 158.69
B9: inst25x25_40_57 | C9: =MAX('MT-CP-DCM-ACO'!J5) -> 100 | D9: =MAX('50 Comm Int'!J5) -> 100 | E9: =MIN('MT-CP-DCM-ACO'!K5) -> 3.094936 | F9: =MIN('50 Comm Int'!K5) -> 3.269703 | G9: =MIN('MT-CP-DCM-ACO'!L5) -> 1.995576 | H9: =MIN('50 Comm Int'!L5) -> 1.734616 | I9: =MIN('MT-CP-DCM-ACO'!M5) -> 100.52 | J9: =MIN('50 Comm Int'!M5) -> 107.55
B10: inst25x25_40_62 | C10: =MAX('MT-CP-DCM-ACO'!J6) -> 100 | D10: =MAX('50 Comm Int'!J6) -> 100 | E10: =MIN('MT-CP-DCM-ACO'!K6) -> 4.353465 | F10: =MIN('50 Comm Int'!K6) -> 4.365407 | G10: =MIN('MT-CP-DCM-ACO'!L6) -> 2.772335 | H10: =MIN('50 Comm Int'!L6) -> 2.623279 | I10: =MIN('MT-CP-DCM-ACO'!M6) -> 147.68 | J10: =MIN('50 Comm Int'!M6) -> 150.05
B11: inst25x25_40_79 | C11: =MAX('MT-CP-DCM-ACO'!J7) -> 100 | D11: =MAX('50 Comm Int'!J7) -> 100 | E11: =MIN('MT-CP-DCM-ACO'!K7) -> 3.109953 | F11: =MIN('50 Comm Int'!K7) -> 3.118308 | G11: =MIN('MT-CP-DCM-ACO'!L7) -> 1.985949 | H11: =MIN('50 Comm Int'!L7) -> 1.733122 | I11: =MIN('MT-CP-DCM-ACO'!M7) -> 103.11 | J11: =MIN('50 Comm Int'!M7) -> 104.77
B12: inst25x25_40_80 | C12: =MAX('MT-CP-DCM-ACO'!J8) -> 100 | D12: =MAX('50 Comm Int'!J8) -> 100 | E12: =MIN('MT-CP-DCM-ACO'!K8) -> 2.061977 | F12: =MIN('50 Comm Int'!K8) -> 2.186204 | G12: =MIN('MT-CP-DCM-ACO'!L8) -> 1.120139 | H12: =MIN('50 Comm Int'!L8) -> 1.29785 | I12: =MIN('MT-CP-DCM-ACO'!M8) -> 68.6 | J12: =MIN('50 Comm Int'!M8) -> 73.65
B13: inst25x25_40_89 | C13: =MAX('MT-CP-DCM-ACO'!J9) -> 100 | D13: =MAX('50 Comm Int'!J9) -> 100 | E13: =MIN('MT-CP-DCM-ACO'!K9) -> 2.146666 | F13: =MIN('50 Comm Int'!K9) -> 2.184583 | G13: =MIN('MT-CP-DCM-ACO'!L9) -> 1.204786 | H13: =MIN('50 Comm Int'!L9) -> 1.453859 | I13: =MIN('MT-CP-DCM-ACO'!M9) -> 74.13 | J13: =MIN('50 Comm Int'!M9) -> 76.31
B14: inst25x25_40_9 | C14: =MAX('MT-CP-DCM-ACO'!J10) -> 100 | D14: =MAX('50 Comm Int'!J10) -> 100 | E14: =MIN('MT-CP-DCM-ACO'!K10) -> 3.478186 | F14: =MIN('50 Comm Int'!K10) -> 3.248807 | G14: =MIN('MT-CP-DCM-ACO'!L10) -> 2.37335 | H14: =MIN('50 Comm Int'!L10) -> 2.087721 | I14: =MIN('MT-CP-DCM-ACO'!M10) -> 114.89 | J14: =MIN('50 Comm Int'!M10) -> 116.52
B15: inst25x25_40_99 | C15: =MAX('MT-CP-DCM-ACO'!J11) -> 100 | D15: =MAX('50 Comm Int'!J11) -> 100 | E15: =MIN('MT-CP-DCM-ACO'!K11) -> 2.513599 | F15: =MIN('50 Comm Int'!K11) -> 2.366139 | G15: =MIN('MT-CP-DCM-ACO'!L11) -> 1.657896 | H15: =MIN('50 Comm Int'!L11) -> 1.500905 | I15: =MIN('MT-CP-DCM-ACO'!M11) -> 85.77 | J15: =MIN('50 Comm Int'!M11) -> 81.57
B16: inst25x25_45_1 | C16: =MAX('MT-CP-DCM-ACO'!J12) -> 99 | D16: =MAX('50 Comm Int'!J12) -> 97 | E16: =MIN('MT-CP-DCM-ACO'!K12) -> 14.519877 | F16: =MIN('50 Comm Int'!K12) -> 12.675626 | G16: =MIN('MT-CP-DCM-ACO'!L12) -> 16.104477 | H16: =MIN('50 Comm Int'!L12) -> 13.845805 | I16: =MIN('MT-CP-DCM-ACO'!M12) -> 675 | J16: =MIN('50 Comm Int'!M12) -> 588.66
B17: inst25x25_45_11 | C17: =MAX('MT-CP-DCM-ACO'!J13) -> 100 | D17: =MAX('50 Comm Int'!J13) -> 100 | E17: =MIN('MT-CP-DCM-ACO'!K13) -> 2.800627 | F17: =MIN('50 Comm Int'!K13) -> 2.520939 | G17: =MIN('MT-CP-DCM-ACO'!L13) -> 2.762057 | H17: =MIN('50 Comm Int'!L13) -> 2.296795 | I17: =MIN('MT-CP-DCM-ACO'!M13) -> 136.41 | J17: =MIN('50 Comm Int'!M13) -> 123.71
... B105: inst25x25_50_99 | C105: =MAX('MT-CP-DCM-ACO'!J101) -> 100 | D105: =MAX('50 Comm Int'!J101) -> 100 | E105: =MIN('MT-CP-DCM-ACO'!K101) -> 0.287565 | F105: =MIN('50 Comm Int'!K101) -> 0.37493 | G105: =MIN('MT-CP-DCM-ACO'!L101) -> 0.818908 | H105: =MIN('50 Comm Int'!L101) -> 1.574802 | I105: =MIN('MT-CP-DCM-ACO'!M101) -> 23.62 | J105: =MIN('50 Comm Int'!M101) -> 30.62
