Workbook

Sheet CP-ACS
A1: puzzle_size | B1: nAnts_alg0 | C1: threads_alg0 | D1: numcolonies_alg0 | E1: numacs_alg0 | F1: q0_alg0 | G1: rho_alg0 | H1: bve_alg0 | I1: timeout_alg0 | J1: success_rate_alg0 | K1: time_mean_alg0 | L1: time_std_alg0 | M1: iter_mean_alg0 | N1: with_comm_alg0 | O1: without_comm_alg0 | P1: cp_initial_mean_alg0 | Q1: cp_ant_mean_alg0 | R1: cp_total_mean_alg0 | S1: acs_time_mean_alg0 | T1: dcm_aco_time_mean_alg0 | U1: coop_game_mean_alg0 | V1: pheromone_fusion_mean_alg0 | W1: public_path_mean_alg0 | X1: communication_time_mean_alg0 | Y1: cp_percentage_alg0 | Z1: acs_time_percentage_alg0 | AA1: dcm_aco_time_percentage_alg0 | AB1: coop_game_percentage_alg0 | AC1: pheromone_fusion_percentage_alg0 | AD1: public_path_percentage_alg0 | AE1: communication_time_percentage_alg0
A2: inst25x25_40_10 | B2: 10 | C2: N/A | D2: N/A | E2: N/A | F2: 0.9 | G2: 0.9 | H2: 0.005 | I2: 120 | J2: 99 | K2: 3.382243 | L2: 6.210099 | M2: 81 | N2: N/A | O2: N/A | P2: 0.005818 | Q2: 2.271119 | R2: 2.276936 | S2: 1.105307 | T2: N/A | U2: N/A | V2: N/A | W2: N/A | X2: N/A | Y2: 67.32 | Z2: 32.68 | AA2: N/A | AB2: N/A | AC2: N/A | AD2: N/A | AE2: N/A
A3: inst25x25_40_30 | B3: 10 | C3: N/A | D3: N/A | E3: N/A | F3: 0.9 | G3: 0.9 | H3: 0.005 | I3: 120 | J3: 96 | K3: 6.014875 | L3: 8.544345 | M3: 140.95 | N3: N/A | O3: N/A | P3: 0.005659 | Q3: 3.939529 | R3: 3.945189 | S3: 2.069686 | T3: N/A | U3: N/A | V3: N/A | W3: N/A | X3: N/A | Y3: 65.59 | Z3: 34.41 | AA3: N/A | AB3: N/A | AC3: N/A | AD3: N/A | AE3: N/A
A4: inst25x25_40_50 | B4: 10 | C4: N/A | D4: N/A | E4: N/A | F4: 0.9 | G4: 0.9 | H4: 0.005 | I4: 120 | J4: 96 | K4: 7.67851 | L4: 9.206712 | M4: 180.09 | N4: N/A | O4: N/A | P4: 0.005799 | Q4: 4.996715 | R4: 5.002515 | S4: 2.675995 | T4: N/A | U4: N/A | V4: N/A | W4: N/A | X4: N/A | Y4: 65.15 | Z4: 34.85 | AA4: N/A | AB4: N/A | AC4: N/A | AD4: N/A | AE4: N/A
A5: inst25x25_40_57 | B5: 10 | C5: N/A | D5: N/A | E5: N/A | F5: 0.9 | G5: 0.9 | H5: 0.005 | I5: 120 | J5: 97 | K5: 4.357386 | L5: 4.683007 | M5: 104.8 | N5: N/A | O5: N/A | P5: 0.005694 | Q5: 3.202123 | R5: 3.207817 | S5: 1.149569 | T5: N/A | U5: N/A | V5: N/A | W5: N/A | X5: N/A | Y5: 73.62 | Z5: 26.38 | AA5: N/A | AB5: N/A | AC5: N/A | AD5: N/A | AE5: N/A
A6: inst25x25_40_62 | B6: 10 | C6: N/A | D6: N/A | E6: N/A | F6: 0.9 | G6: 0.9 | H6: 0.005 | I6: 120 | J6: 92 | K6: 9.802543 | L6: 19.625461 | M6: 228.77 | N6: N/A | O6: N/A | P6: 0.005711 | Q6: 4.599426 | R6: 4.605138 | S6: 5.197405 | T6: N/A | U6: N/A | V6: N/A | W6: N/A | X6: N/A | Y6: 46.98 | Z6: 53.02 | AA6: N/A | AB6: N/A | AC6: N/A | AD6: N/A | AE6: N/A
A7: inst25x25_40_79 | B7: 10 | C7: N/A | D7: N/A | E7: N/A | F7: 0.9 | G7: 0.9 | H7: 0.005 | I7: 120 | J7: 93 | K7: 8.062691 | L7: 13.05574 | M7: 187.19 | N7: N/A | O7: N/A | P7: 0.005913 | Q7: 4.598858 | R7: 4.60477 | S7: 3.45792 | T7: N/A | U7: N/A | V7: N/A | W7: N/A | X7: N/A | Y7: 57.11 | Z7: 42.89 | AA7: N/A | AB7: N/A | AC7: N/A | AD7: N/A | AE7: N/A
A8: inst25x25_40_80 | B8: 10 | C8: N/A | D8: N/A | E8: N/A | F8: 0.9 | G8: 0.9 | H8: 0.005 | I8: 120 | J8: 99 | K8: 3.214704 | L8: 5.634755 | M8: 77.89 | N8: N/A | O8: N/A | P8: 0.005761 | Q8: 2.192521 | R8: 2.198282 | S8: 1.016423 | T8: N/A | U8: N/A | V8: N/A | W8: N/A | X8: N/A | Y8: 68.38 | Z8: 31.62 | AA8: N/A | AB8: N/A | AC8: N/A | AD8: N/A | AE8: N/A
A9: inst25x25_40_89 | B9: 10 | C9: N/A | D9: N/A | E9: N/A | F9: 0.9 | G9: 0.9 | H9: 0.005 | I9: 120 | J9: 96 | K9: 3.684984 | L9: 5.452907 | M9: 92.35 | N9: N/A | O9: N/A | P9: 0.005843 | Q9: 2.594505 | R9: 2.600348 | S9: 1.084635 | T9: N/A | U9: N/A | V9: N/A | W9: N/A | X9: N/A | Y9: 70.57 | Z9: 29.43 | AA9: N/A | AB9: N/A | AC9: N/A | AD9: N/A | AE9: N/A
A10: inst25x25_40_9 | B10: 10 | C10: N/A | D10: N/A | E10: N/A | F10: 0.9 | G10: 0.9 | H10: 0.005 | I10: 120 | J10: 97 | K10: 6.917894 | L10: 16.209625 | M10: 173.94 | N10: N/A | O10: N/A | P10: 0.005558 | Q10: 3.431839 | R10: 3.437397 | S10: 3.480497 | T10: N/A | U10: N/A | V10: N/A | W10: N/A | X10: N/A | Y10: 49.69 | Z10: 50.31 | AA10: N/A | AB10: N/A | AC10: N/A | AD10: N/A | AE10: N/A
A11: inst25x25_40_99 | B11: 10 | C11: N/A | D11: N/A | E11: N/A | F11: 0.9 | G11: 0.9 | H11: 0.005 | I11: 120 | J11: 97 | K11: 5.425704 | L11: 16.567532 | M11: 128.64 | N11: N/A | O11: N/A | P11: 0.00615 | Q11: 2.585112 | R11: 2.591263 | S11: 2.834442 | T11: N/A | U11: N/A | V11: N/A | W11: N/A | X11: N/A | Y11: 47.76 | Z11: 52.24 | AA11: N/A | AB11: N/A | AC11: N/A | AD11: N/A | AE11: N/A
A12: inst25x25_45_1 | B12: 10 | C12: N/A | D12: N/A | E12: N/A | F12: 0.9 | G12: 0.9 | H12: 0.005 | I12: 120 | J12: 37 | K12: 19.547435 | L12: 21.964074 | M12: 624.08 | N12: N/A | O12: N/A | P12: 0.006375 | Q12: 8.732937 | R12: 8.739312 | S12: 10.808124 | T12: N/A | U12: N/A | V12: N/A | W12: N/A | X12: N/A | Y12: 44.71 | Z12: 55.29 | AA12: N/A | AB12: N/A | AC12: N/A | AD12: N/A | AE12: N/A
A13: inst25x25_45_11 | B13: 10 | C13: N/A | D13: N/A | E13: N/A | F13: 0.9 | G13: 0.9 | H13: 0.005 | I13: 120 | J13: 84 | K13: 10.310215 | L13: 19.044918 | M13: 338.83 | N13: N/A | O13: N/A | P13: 0.006502 | Q13: 4.560759 | R13: 4.567261 | S13: 5.742955 | T13: N/A | U13: N/A | V13: N/A | W13: N/A | X13: N/A | Y13: 44.3 | Z13: 55.7 | AA13: N/A | AB13: N/A | AC13: N/A | AD13: N/A | AE13: N/A
... A101: inst25x25_50_99 | B101: 10 | C101: N/A | D101: N/A | E101: N/A | F101: 0.9 | G101: 0.9 | H101: 0.005 | I101: 120 | J101: 61 | K101: 9.556908 | L101: 22.460147 | M101: 675 | N101: N/A | O101: N/A | P101: 0.005399 | Q101: 2.930983 | R101: 2.936382 | S101: 6.620526 | T101: N/A | U101: N/A | V101: N/A | W101: N/A | X101: N/A | Y101: 30.73 | Z101: 69.27 | AA101: N/A | AB101: N/A | AC101: N/A | AD101: N/A | AE101: N/A

Sheet CP-DCM-ACO
A1: puzzle_size | B1: nAnts_alg3 | C1: threads_alg3 | D1: numcolonies_alg3 | E1: numacs_alg3 | F1: q0_alg3 | G1: rho_alg3 | H1: bve_alg3 | I1: timeout_alg3 | J1: success_rate_alg3 | K1: time_mean_alg3 | L1: time_std_alg3 | M1: iter_mean_alg3 | N1: with_comm_alg3 | O1: without_comm_alg3 | P1: cp_initial_mean_alg3 | Q1: cp_ant_mean_alg3 | R1: cp_total_mean_alg3 | S1: acs_time_mean_alg3 | T1: dcm_aco_time_mean_alg3 | U1: coop_game_mean_alg3 | V1: pheromone_fusion_mean_alg3 | W1: public_path_mean_alg3 | X1: communication_time_mean_alg3 | Y1: cp_percentage_alg3 | Z1: acs_time_percentage_alg3 | AA1: dcm_aco_time_percentage_alg3 | AB1: coop_game_percentage_alg3 | AC1: pheromone_fusion_percentage_alg3 | AD1: public_path_percentage_alg3 | AE1: communication_time_percentage_alg3
A2: inst25x25_40_10 | B2: 4 | C2: N/A | D2: 4 | E2: 3 | F2: 0.9 | G2: 0.9 | H2: 0.005 | I2: 120 | J2: 100 | K2: 4.161981 | L2: 2.949021 | M2: 71.42 | N2: N/A | O2: N/A | P2: 0.005093 | Q2: 3.036365 | R2: 3.041459 | S2: N/A | T2: 1.120522 | U2: 0.024701 | V2: 0.00153 | W2: 0.001038 | X2: N/A | Y2: 73.08 | Z2: N/A | AA2: 26.92 | AB2: 0.59 | AC2: 0.04 | AD2: 0.02 | AE2: N/A
A3: inst25x25_40_30 | B3: 4 | C3: N/A | D3: 4 | E3: 3 | F3: 0.9 | G3: 0.9 | H3: 0.005 | I3: 120 | J3: 100 | K3: 8.367838 | L3: 5.955575 | M3: 130.71 | N3: N/A | O3: N/A | P3: 0.00533 | Q3: 5.755418 | R3: 5.760747 | S3: N/A | T3: 2.607091 | U3: 0.050954 | V3: 0.001818 | W3: 0.002145 | X3: N/A | Y3: 68.84 | Z3: N/A | AA3: 31.16 | AB3: 0.61 | AC3: 0.02 | AD3: 0.03 | AE3: N/A
A4: inst25x25_40_50 | B4: 4 | C4: N/A | D4: 4 | E4: 3 | F4: 0.9 | G4: 0.9 | H4: 0.005 | I4: 120 | J4: 100 | K4: 10.367957 | L4: 8.34594 | M4: 163.46 | N4: N/A | O4: N/A | P4: 0.005484 | Q4: 6.621104 | R4: 6.626588 | S4: N/A | T4: 3.74137 | U4: 0.064078 | V4: 0.001798 | W4: 0.003019 | X4: N/A | Y4: 63.91 | Z4: N/A | AA4: 36.09 | AB4: 0.62 | AC4: 0.02 | AD4: 0.03 | AE4: N/A
A5: inst25x25_40_57 | B5: 4 | C5: N/A | D5: 4 | E5: 3 | F5: 0.9 | G5: 0.9 | H5: 0.005 | I5: 120 | J5: 100 | K5: 7.964706 | L5: 5.514442 | M5: 120.13 | N5: N/A | O5: N/A | P5: 0.005581 | Q5: 5.514307 | R5: 5.519888 | S5: N/A | T5: 2.444818 | U5: 0.04863 | V5: 0.001904 | W5: 0.002271 | X5: N/A | Y5: 69.3 | Z5: N/A | AA5: 30.7 | AB5: 0.61 | AC5: 0.02 | AD5: 0.03 | AE5: N/A
A6: inst25x25_40_62 | B6: 4 | C6: N/A | D6: 4 | E6: 3 | F6: 0.9 | G6: 0.9 | H6: 0.005 | I6: 120 | J6: 100 | K6: 11.45163 | L6: 9.401316 | M6: 164.67 | N6: N/A | O6: N/A | P6: 0.006372 | Q6: 7.294409 | R6: 7.300782 | S6: N/A | T6: 4.150848 | U6: 0.075275 | V6: 0.002298 | W6: 0.003612 | X6: N/A | Y6: 63.75 | Z6: N/A | AA6: 36.25 | AB6: 0.66 | AC6: 0.02 | AD6: 0.03 | AE6: N/A
A7: inst25x25_40_79 | B7: 4 | C7: N/A | D7: 4 | E7: 3 | F7: 0.9 | G7: 0.9 | H7: 0.005 | I7: 120 | J7: 100 | K7: 7.32323 | L7: 6.14661 | M7: 125.91 | N7: N/A | O7: N/A | P7: 0.004855 | Q7: 4.982053 | R7: 4.986908 | S7: N/A | T7: 2.336322 | U7: 0.044659 | V7: 0.001669 | W7: 0.001816 | X7: N/A | Y7: 68.1 | Z7: N/A | AA7: 31.9 | AB7: 0.61 | AC7: 0.02 | AD7: 0.02 | AE7: N/A
A8: inst25x25_40_80 | B8: 4 | C8: N/A | D8: 4 | E8: 3 | F8: 0.9 | G8: 0.9 | H8: 0.005 | I8: 120 | J8: 100 | K8: 4.58463 | L8: 3.004259 | M8: 81.88 | N8: N/A | O8: N/A | P8: 0.004914 | Q8: 3.293712 | R8: 3.298626 | S8: N/A | T8: 1.286005 | U8: 0.027157 | V8: 0.001595 | W8: 0.001182 | X8: N/A | Y8: 71.95 | Z8: N/A | AA8: 28.05 | AB8: 0.59 | AC8: 0.03 | AD8: 0.03 | AE8: N/A
A9: inst25x25_40_89 | B9: 4 | C9: N/A | D9: 4 | E9: 3 | F9: 0.9 | G9: 0.9 | H9: 0.005 | I9: 120 | J9: 100 | K9: 5.208587 | L9: 3.698384 | M9: 96.41 | N9: N/A | O9: N/A | P9: 0.005085 | Q9: 3.665049 | R9: 3.670133 | S9: N/A | T9: 1.538453 | U9: 0.032632 | V9: 0.001684 | W9: 0.001305 | X9: N/A | Y9: 70.46 | Z9: N/A | AA9: 29.54 | AB9: 0.63 | AC9: 0.03 | AD9: 0.03 | AE9: N/A
A10: inst25x25_40_9 | B10: 4 | C10: N/A | D10: 4 | E10: 3 | F10: 0.9 | G10: 0.9 | H10: 0.005 | I10: 120 | J10: 100 | K10: 7.370307 | L10: 4.95586 | M10: 124.22 | N10: N/A | O10: N/A | P10: 0.005505 | Q10: 5.091254 | R10: 5.096759 | S10: N/A | T10: 2.273547 | U10: 0.04556 | V10: 0.001689 | W10: 0.002027 | X10: N/A | Y10: 69.15 | Z10: N/A | AA10: 30.85 | AB10: 0.62 | AC10: 0.02 | AD10: 0.03 | AE10: N/A
A11: inst25x25_40_99 | B11: 4 | C11: N/A | D11: 4 | E11: 3 | F11: 0.9 | G11: 0.9 | H11: 0.005 | I11: 120 | J11: 100 | K11: 5.694404 | L11: 4.07443 | M11: 89.8 | N11: N/A | O11: N/A | P11: 0.005955 | Q11: 4.077121 | R11: 4.083076 | S11: N/A | T11: 1.611328 | U11: 0.03629 | V11: 0.002007 | W11: 0.001635 | X11: N/A | Y11: 71.7 | Z11: N/A | AA11: 28.3 | AB11: 0.64 | AC11: 0.04 | AD11: 0.03 | AE11: N/A
A12: inst25x25_45_1 | B12: 4 | C12: N/A | D12: 4 | E12: 3 | F12: 0.9 | G12: 0.9 | H12: 0.005 | I12: 120 | J12: 75 | K12: 28.97151 | L12: 23.518611 | M12: 473.85 | N12: N/A | O12: N/A | P12: 0.008308 | Q12: 13.858475 | R12: 13.866782 | S12: N/A | T12: 15.104728 | U12: 0.267568 | V12: 0.002861 | W12: 0.010896 | X12: N/A | Y12: 47.86 | Z12: N/A | AA12: 52.14 | AB12: 0.92 | AC12: 0.01 | AD12: 0.04 | AE12: N/A
A13: inst25x25_45_11 | B13: 4 | C13: N/A | D13: 4 | E13: 3 | F13: 0.9 | G13: 0.9 | H13: 0.005 | I13: 120 | J13: 99 | K13: 9.951767 | L13: 9.372459 | M13: 159.79 | N13: N/A | O13: N/A | P13: 0.00901 | Q13: 6.500154 | R13: 6.509164 | S13: N/A | T13: 3.442603 | U13: 0.092666 | V13: 0.003112 | W13: 0.003909 | X13: N/A | Y13: 65.41 | Z13: N/A | AA13: 34.59 | AB13: 0.93 | AC13: 0.03 | AD13: 0.04 | AE13: N/A
... A101: inst25x25_50_99 | B101: 4 | C101: N/A | D101: 4 | E101: 3 | F101: 0.9 | G101: 0.9 | H101: 0.005 | I101: 120 | J101: 100 | K101: 2.012795 | L101: 3.315189 | M101: 78.2 | N101: N/A | O101: N/A | P101: 0.007043 | Q101: 1.372332 | R101: 1.379374 | S101: N/A | T101: 0.63342 | U101: 0.029375 | V101: 0.001549 | W101: 0.000912 | X101: N/A | Y101: 68.53 | Z101: N/A | AA101: 31.47 | AB101: 1.46 | AC101: 0.08 | AD101: 0.05 | AE101: N/A

Sheet MT-CP-DCM-ACO
A1: puzzle_size | B1: nAnts_alg4 | C1: threads_alg4 | D1: numcolonies_alg4 | E1: numacs_alg4 | F1: q0_alg4 | G1: rho_alg4 | H1: bve_alg4 | I1: timeout_alg4 | J1: success_rate_alg4 | K1: time_mean_alg4 | L1: time_std_alg4 | M1: iter_mean_alg4 | N1: with_comm_alg4 | O1: without_comm_alg4 | P1: cp_initial_mean_alg4 | Q1: cp_ant_mean_alg4 | R1: cp_total_mean_alg4 | S1: acs_time_mean_alg4 | T1: dcm_aco_time_mean_alg4 | U1: coop_game_mean_alg4 | V1: pheromone_fusion_mean_alg4 | W1: public_path_mean_alg4 | X1: communication_time_mean_alg4 | Y1: cp_percentage_alg4 | Z1: acs_time_percentage_alg4 | AA1: dcm_aco_time_percentage_alg4 | AB1: coop_game_percentage_alg4 | AC1: pheromone_fusion_percentage_alg4 | AD1: public_path_percentage_alg4 | AE1: communication_time_percentage_alg4
A2: inst25x25_40_10 | B2: 4 | C2: 3 | D2: 4 | E2: 3 | F2: 0.9 | G2: 0.9 | H2: 0.005 | I2: 120 | J2: 100 | K2: 1.859839 | L2: 0.970386 | M2: 35.52 | N2: 0 | O2: 100 | P2: 0.003937 | Q2: 1.434518 | R2: 1.438456 | S2: N/A | T2: 0.421384 | U2: 0.01048 | V2: 0.001095 | W2: 0.000355 | X2: 0 | Y2: 77.34 | Z2: N/A | AA2: 22.66 | AB2: 0.56 | AC2: 0.06 | AD2: 0.02 | AE2: 0
A3: inst25x25_40_30 | B3: 4 | C3: 3 | D3: 4 | E3: 3 | F3: 0.9 | G3: 0.9 | H3: 0.005 | I3: 120 | J3: 100 | K3: 3.177442 | L3: 1.569677 | M3: 59.69 | N3: 7 | O3: 93 | P3: 0.003898 | Q3: 2.370786 | R3: 2.374684 | S3: N/A | T3: 0.800938 | U3: 0.018086 | V3: 0.001181 | W3: 0.000622 | X3: 0.001821 | Y3: 74.74 | Z3: N/A | AA3: 25.21 | AB3: 0.57 | AC3: 0.04 | AD3: 0.02 | AE3: 0.06
A4: inst25x25_40_50 | B4: 4 | C4: 3 | D4: 4 | E4: 3 | F4: 0.9 | G4: 0.9 | H4: 0.005 | I4: 120 | J4: 100 | K4: 4.243321 | L4: 2.802269 | M4: 80.4 | N4: 25 | O4: 75 | P4: 0.004004 | Q4: 3.053145 | R4: 3.057149 | S4: N/A | T4: 1.181787 | U4: 0.024642 | V4: 0.001202 | W4: 0.000834 | X4: 0.004385 | Y4: 72.05 | Z4: N/A | AA4: 27.85 | AB4: 0.58 | AC4: 0.03 | AD4: 0.02 | AE4: 0.1
A5: inst25x25_40_57 | B5: 4 | C5: 3 | D5: 4 | E5: 3 | F5: 0.9 | G5: 0.9 | H5: 0.005 | I5: 120 | J5: 100 | K5: 3.071682 | L5: 1.993038 | M5: 57.1 | N5: 14 | O5: 86 | P5: 0.003971 | Q5: 2.274673 | R5: 2.278645 | S5: N/A | T5: 0.790107 | U5: 0.017263 | V5: 0.001198 | W5: 0.000567 | X5: 0.00293 | Y5: 74.18 | Z5: N/A | AA5: 25.72 | AB5: 0.56 | AC5: 0.04 | AD5: 0.02 | AE5: 0.1
A6: inst25x25_40_62 | B6: 4 | C6: 3 | D6: 4 | E6: 3 | F6: 0.9 | G6: 0.9 | H6: 0.005 | I6: 120 | J6: 100 | K6: 4.703944 | L6: 2.790093 | M6: 90.86 | N6: 33 | O6: 67 | P6: 0.003968 | Q6: 3.366754 | R6: 3.370722 | S6: N/A | T6: 1.329836 | U6: 0.02809 | V6: 0.001264 | W6: 0.000921 | X6: 0.003386 | Y6: 71.66 | Z6: N/A | AA6: 28.27 | AB6: 0.6 | AC6: 0.03 | AD6: 0.02 | AE6: 0.07
A7: inst25x25_40_79 | B7: 4 | C7: 3 | D7: 4 | E7: 3 | F7: 0.9 | G7: 0.9 | H7: 0.005 | I7: 120 | J7: 100 | K7: 3.51299 | L7: 1.77815 | M7: 66.58 | N7: 19 | O7: 81 | P7: 0.003946 | Q7: 2.595507 | R7: 2.599453 | S7: N/A | T7: 0.909678 | U7: 0.020258 | V7: 0.001232 | W7: 0.000689 | X7: 0.003859 | Y7: 74 | Z7: N/A | AA7: 25.89 | AB7: 0.58 | AC7: 0.04 | AD7: 0.02 | AE7: 0.11
A8: inst25x25_40_80 | B8: 4 | C8: 3 | D8: 4 | E8: 3 | F8: 0.9 | G8: 0.9 | H8: 0.005 | I8: 120 | J8: 100 | K8: 2.397018 | L8: 1.400429 | M8: 45.73 | N8: 4 | O8: 96 | P8: 0.003913 | Q8: 1.815696 | R8: 1.819609 | S8: N/A | T8: 0.57683 | U8: 0.013642 | V8: 0.001171 | W8: 0.000459 | X8: 0.000579 | Y8: 75.91 | Z8: N/A | AA8: 24.06 | AB8: 0.57 | AC8: 0.05 | AD8: 0.02 | AE8: 0.02
A9: inst25x25_40_89 | B9: 4 | C9: 3 | D9: 4 | E9: 3 | F9: 0.9 | G9: 0.9 | H9: 0.005 | I9: 120 | J9: 100 | K9: 2.372342 | L9: 1.610332 | M9: 46.93 | N9: 5 | O9: 95 | P9: 0.004052 | Q9: 1.788847 | R9: 1.792899 | S9: N/A | T9: 0.578766 | U9: 0.014043 | V9: 0.001157 | W9: 0.000477 | X9: 0.000677 | Y9: 75.58 | Z9: N/A | AA9: 24.4 | AB9: 0.59 | AC9: 0.05 | AD9: 0.02 | AE9: 0.03
A10: inst25x25_40_9 | B10: 4 | C10: 3 | D10: 4 | E10: 3 | F10: 0.9 | G10: 0.9 | H10: 0.005 | I10: 120 | J10: 100 | K10: 3.5786 | L10: 2.140098 | M10: 71 | N10: 19 | O10: 81 | P10: 0.00392 | Q10: 2.63423 | R10: 2.63815 | S10: N/A | T10: 0.935984 | U10: 0.021305 | V10: 0.001148 | W10: 0.00075 | X10: 0.004465 | Y10: 73.72 | Z10: N/A | AA10: 26.16 | AB10: 0.6 | AC10: 0.03 | AD10: 0.02 | AE10: 0.12
A11: inst25x25_40_99 | B11: 4 | C11: 3 | D11: 4 | E11: 3 | F11: 0.9 | G11: 0.9 | H11: 0.005 | I11: 120 | J11: 100 | K11: 2.29997 | L11: 1.116707 | M11: 45.09 | N11: 1 | O11: 99 | P11: 0.004015 | Q11: 1.759658 | R11: 1.763673 | S11: N/A | T11: 0.535693 | U11: 0.013367 | V11: 0.001264 | W11: 0.000453 | X11: 0.000603 | Y11: 76.68 | Z11: N/A | AA11: 23.29 | AB11: 0.58 | AC11: 0.05 | AD11: 0.02 | AE11: 0.03
A12: inst25x25_45_1 | B12: 4 | C12: 3 | D12: 4 | E12: 3 | F12: 0.9 | G12: 0.9 | H12: 0.005 | I12: 120 | J12: 98 | K12: 14.414916 | L12: 19.43234 | M12: 385.11 | N12: 76 | O12: 22 | P12: 0.004452 | Q12: 6.345616 | R12: 6.350068 | S12: N/A | T12: 7.927487 | U12: 0.121628 | V12: 0.001585 | W12: 0.00371 | X12: 0.137361 | Y12: 44.05 | Z12: N/A | AA12: 55 | AB12: 0.84 | AC12: 0.01 | AD12: 0.03 | AE12: 0.95
A13: inst25x25_45_11 | B13: 4 | C13: 3 | D13: 4 | E13: 3 | F13: 0.9 | G13: 0.9 | H13: 0.005 | I13: 120 | J13: 100 | K13: 2.230042 | L13: 1.352255 | M13: 62.59 | N13: 12 | O13: 88 | P13: 0.004425 | Q13: 1.670762 | R13: 1.675188 | S13: N/A | T13: 0.548263 | U13: 0.018967 | V13: 0.001335 | W13: 0.000577 | X13: 0.006591 | Y13: 75.12 | Z13: N/A | AA13: 24.59 | AB13: 0.85 | AC13: 0.06 | AD13: 0.03 | AE13: 0.3
... A101: inst25x25_50_99 | B101: 4 | C101: 3 | D101: 4 | E101: 3 | F101: 0.9 | G101: 0.9 | H101: 0.005 | I101: 120 | J101: 100 | K101: 0.241181 | L101: 0.250144 | M101: 11.56 | N101: 0 | O101: 100 | P101: 0.00531 | Q101: 0.161609 | R101: 0.166919 | S101: N/A | T101: 0.074262 | U101: 0.003032 | V101: 0.00091 | W101: 8.8e-05 | X101: 0 | Y101: 69.21 | Z101: N/A | AA101: 30.79 | AB101: 1.26 | AC101: 0.38 | AD101: 0.04 | AE101: 0

Sheet Comparison
B3: Alg 0 = CP-ACS, Alg 3 = CP-DCM-ACO, Alg 4 = MT-CP-DCM-ACO
B7: Instances | C7: Solution Rate | F7: Average Time | I7: Standard Deviation | L7: Average Iteration
C8: 0 | D8: 3 | E8: 4 | F8: 0 | G8: 3 | H8: 4 | I8: 0 | J8: 3 | K8: 4 | L8: 0 | M8: 3 | N8: 4
B9: inst25x25_40_10 | C9: =MAX('CP-ACS'!J2) -> 99 | D9: =MAX('CP-DCM-ACO'!J2) -> 100 | E9: =MAX('MT-CP-DCM-ACO'!J2) -> 100 | F9: =MIN('CP-ACS'!K2) -> 3.382243 | G9: =MIN('CP-DCM-ACO'!K2) -> 4.161981 | H9: =MIN('MT-CP-DCM-ACO'!K2) -> 1.859839 | I9: =MIN('CP-ACS'!L2) -> 6.210099 | J9: =MIN('CP-DCM-ACO'!L2) -> 2.949021 | K9: =MIN('MT-CP-DCM-ACO'!L2) -> 0.970386 | L9: =MIN('CP-ACS'!M2) -> 81 | M9: =MIN('CP-DCM-ACO'!M2) -> 71.42 | N9: =MIN('MT-CP-DCM-ACO'!M2) -> 35.52
B10: inst25x25_40_30 | C10: =MAX('CP-ACS'!J3) -> 96 | D10: =MAX('CP-DCM-ACO'!J3) -> 100 | E10: =MAX('MT-CP-DCM-ACO'!J3) -> 100 | F10: =MIN('CP-ACS'!K3) -> 6.014875 | G10: =MIN('CP-DCM-ACO'!K3) -> 8.367838 | H10: =MIN('MT-CP-DCM-ACO'!K3) -> 3.177442 | I10: =MIN('CP-ACS'!L3) -> 8.544345 | J10: =MIN('CP-DCM-ACO'!L3) -> 5.955575 | K10: =MIN('MT-CP-DCM-ACO'!L3) -> 1.569677 | L10: =MIN('CP-ACS'!M3) -> 140.95 | M10: =MIN('CP-DCM-ACO'!M3) -> 130.71 | N10: =MIN('MT-CP-DCM-ACO'!M3) -> 59.69
B11: inst25x25_40_50 | C11: =MAX('CP-ACS'!J4) -> 96 | D11: =MAX('CP-DCM-ACO'!J4) -> 100 | E11: =MAX('MT-CP-DCM-ACO'!J4) -> 100 | F11: =MIN('CP-ACS'!K4) -> 7.67851 | G11: =MIN('CP-DCM-ACO'!K4) -> 10.367957 | H11: =MIN('MT-CP-DCM-ACO'!K4) -> 4.243321 | I11: =MIN('CP-ACS'!L4) -> 9.206712 | J11: =MIN('CP-DCM-ACO'!L4) -> 8.34594 | K11: =MIN('MT-CP-DCM-ACO'!L4) -> 2.802269 | L11: =MIN('CP-ACS'!M4) -> 180.09 | M11: =MIN('CP-DCM-ACO'!M4) -> 163.46 | N11: =MIN('MT-CP-DCM-ACO'!M4) -> 80.4
B12: inst25x25_40_57 | C12: =MAX('CP-ACS'!J5) -> 97 | D12: =MAX('CP-DCM-ACO'!J5) -> 100 | E12: =MAX('MT-CP-DCM-ACO'!J5) -> 100 | F12: =MIN('CP-ACS'!K5) -> 4.357386 | G12: =MIN('CP-DCM-ACO'!K5) -> 7.964706 | H12: =MIN('MT-CP-DCM-ACO'!K5) -> 3.071682 | I12: =MIN('CP-ACS'!L5) -> 4.683007 | J12: =MIN('CP-DCM-ACO'!L5) -> 5.514442 | K12: =MIN('MT-CP-DCM-ACO'!L5) -> 1.993038 | L12: =MIN('CP-ACS'!M5) -> 104.8 | M12: =MIN('CP-DCM-ACO'!M5) -> 120.13 | N12: =MIN('MT-CP-DCM-ACO'!M5) -> 57.1
B13: inst25x25_40_62 | C13: =MAX('CP-ACS'!J6) -> 92 | D13: =MAX('CP-DCM-ACO'!J6) -> 100 | E13: =MAX('MT-CP-DCM-ACO'!J6) -> 100 | F13: =MIN('CP-ACS'!K6) -> 9.802543 | G13: =MIN('CP-DCM-ACO'!K6) -> 11.45163 | H13: =MIN('MT-CP-DCM-ACO'!K6) -> 4.703944 | I13: =MIN('CP-ACS'!L6) -> 19.625461 | J13: =MIN('CP-DCM-ACO'!L6) -> 9.401316 | K13: =MIN('MT-CP-DCM-ACO'!L6) -> 2.790093 | L13: =MIN('CP-ACS'!M6) -> 228.77 | M13: =MIN('CP-DCM-ACO'!M6) -> 164.67 | N13: =MIN('MT-CP-DCM-ACO'!M6) -> 90.86
B14: inst25x25_40_79 | C14: =MAX('CP-ACS'!J7) -> 93 | D14: =MAX('CP-DCM-ACO'!J7) -> 100 | E14: =MAX('MT-CP-DCM-ACO'!J7) -> 100 | F14: =MIN('CP-ACS'!K7) -> 8.062691 | G14: =MIN('CP-DCM-ACO'!K7) -> 7.32323 | H14: =MIN('MT-CP-DCM-ACO'!K7) -> 3.51299 | I14: =MIN('CP-ACS'!L7) -> 13.05574 | J14: =MIN('CP-DCM-ACO'!L7) -> 6.14661 | K14: =MIN('MT-CP-DCM-ACO'!L7) -> 1.77815 | L14: =MIN('CP-ACS'!M7) -> 187.19 | M14: =MIN('CP-DCM-ACO'!M7) -> 125.91 | N14: =MIN('MT-CP-DCM-ACO'!M7) -> 66.58
B15: inst25x25_40_80 | C15: =MAX('CP-ACS'!J8) -> 99 | D15: =MAX('CP-DCM-ACO'!J8) -> 100 | E15: =MAX('MT-CP-DCM-ACO'!J8) -> 100 | F15: =MIN('CP-ACS'!K8) -> 3.214704 | G15: =MIN('CP-DCM-ACO'!K8) -> 4.58463 | H15: =MIN('MT-CP-DCM-ACO'!K8) -> 2.397018 | I15: =MIN('CP-ACS'!L8) -> 5.634755 | J15: =MIN('CP-DCM-ACO'!L8) -> 3.004259 | K15: =MIN('MT-CP-DCM-ACO'!L8) -> 1.400429 | L15: =MIN('CP-ACS'!M8) -> 77.89 | M15: =MIN('CP-DCM-ACO'!M8) -> 81.88 | N15: =MIN('MT-CP-DCM-ACO'!M8) -> 45.73
B16: inst25x25_40_89 | C16: =MAX('CP-ACS'!J9) -> 96 | D16: =MAX('CP-DCM-ACO'!J9) -> 100 | E16: =MAX('MT-CP-DCM-ACO'!J9) -> 100 | F16: =MIN('CP-ACS'!K9) -> 3.684984 | G16: =MIN('CP-DCM-ACO'!K9) -> 5.208587 | H16: =MIN('MT-CP-DCM-ACO'!K9) -> 2.372342 | I16: =MIN('CP-ACS'!L9) -> 5.452907 | J16: =MIN('CP-DCM-ACO'!L9) -> 3.698384 | K16: =MIN('MT-CP-DCM-ACO'!L9) -> 1.610332 | L16: =MIN('CP-ACS'!M9) -> 92.35 | M16: =MIN('CP-DCM-ACO'!M9) -> 96.41 | N16: =MIN('MT-CP-DCM-ACO'!M9) -> 46.93
B17: inst25x25_40_9 | C17: =MAX('CP-ACS'!J10) -> 97 | D17: =MAX('CP-DCM-ACO'!J10) -> 100 | E17: =MAX('MT-CP-DCM-ACO'!J10) -> 100 | F17: =MIN('CP-ACS'!K10) -> 6.917894 | G17: =MIN('CP-DCM-ACO'!K10) -> 7.370307 | H17: =MIN('MT-CP-DCM-ACO'!K10) -> 3.5786 | I17: =MIN('CP-ACS'!L10) -> 16.209625 | J17: =MIN('CP-DCM-ACO'!L10) -> 4.95586 | K17: =MIN('MT-CP-DCM-ACO'!L10) -> 2.140098 | L17: =MIN('CP-ACS'!M10) -> 173.94 | M17: =MIN('CP-DCM-ACO'!M10) -> 124.22 | N17: =MIN('MT-CP-DCM-ACO'!M10) -> 71
B18: inst25x25_40_99 | C18: =MAX('CP-ACS'!J11) -> 97 | D18: =MAX('CP-DCM-ACO'!J11) -> 100 | E18: =MAX('MT-CP-DCM-ACO'!J11) -> 100 | F18: =MIN('CP-ACS'!K11) -> 5.425704 | G18: =MIN('CP-DCM-ACO'!K11) -> 5.694404 | H18: =MIN('MT-CP-DCM-ACO'!K11) -> 2.29997 | I18: =MIN('CP-ACS'!L11) -> 16.567532 | J18: =MIN('CP-DCM-ACO'!L11) -> 4.07443 | K18: =MIN('MT-CP-DCM-ACO'!L11) -> 1.116707 | L18: =MIN('CP-ACS'!M11) -> 128.64 | M18: =MIN('CP-DCM-ACO'!M11) -> 89.8 | N18: =MIN('MT-CP-DCM-ACO'!M11) -> 45.09
B19: inst25x25_45_1 | C19: =MAX('CP-ACS'!J12) -> 37 | D19: =MAX('CP-DCM-ACO'!J12) -> 75 | E19: =MAX('MT-CP-DCM-ACO'!J12) -> 98 | F19: =MIN('CP-ACS'!K12) -> 19.547435 | G19: =MIN('CP-DCM-ACO'!K12) -> 28.97151 | H19: =MIN('MT-CP-DCM-ACO'!K12) -> 14.414916 | I19: =MIN('CP-ACS'!L12) -> 21.964074 | J19: =MIN('CP-DCM-ACO'!L12) -> 23.518611 | K19: =MIN('MT-CP-DCM-ACO'!L12) -> 19.43234 | L19: =MIN('CP-ACS'!M12) -> 624.08 | M19: =MIN('CP-DCM-ACO'!M12) -> 473.85 | N19: =MIN('MT-CP-DCM-ACO'!M12) -> 385.11
B20: inst25x25_45_11 | C20: =MAX('CP-ACS'!J13) -> 84 | D20: =MAX('CP-DCM-ACO'!J13) -> 99 | E20: =MAX('MT-CP-DCM-ACO'!J13) -> 100 | F20: =MIN('CP-ACS'!K13) -> 10.310215 | G20: =MIN('CP-DCM-ACO'!K13) -> 9.951767 | H20: =MIN('MT-CP-DCM-ACO'!K13) -> 2.230042 | I20: =MIN('CP-ACS'!L13) -> 19.044918 | J20: =MIN('CP-DCM-ACO'!L13) -> 9.372459 | K20: =MIN('MT-CP-DCM-ACO'!L13) -> 1.352255 | L20: =MIN('CP-ACS'!M13) -> 338.83 | M20: =MIN('CP-DCM-ACO'!M13) -> 159.79 | N20: =MIN('MT-CP-DCM-ACO'!M13) -> 62.59
... B108: inst25x25_50_99 | C108: =MAX('CP-ACS'!J101) -> 61 | D108: =MAX('CP-DCM-ACO'!J101) -> 100 | E108: =MAX('MT-CP-DCM-ACO'!J101) -> 100 | F108: =MIN('CP-ACS'!K101) -> 9.556908 | G108: =MIN('CP-DCM-ACO'!K101) -> 2.012795 | H108: =MIN('MT-CP-DCM-ACO'!K101) -> 0.241181 | I108: =MIN('CP-ACS'!L101) -> 22.460147 | J108: =MIN('CP-DCM-ACO'!L101) -> 3.315189 | K108: =MIN('MT-CP-DCM-ACO'!L101) -> 0.250144 | L108: =MIN('CP-ACS'!M101) -> 675 | M108: =MIN('CP-DCM-ACO'!M101) -> 78.2 | N108: =MIN('MT-CP-DCM-ACO'!M101) -> 11.56
